URL,HTTP,TITLE,DESCRIPTION,H1,CANONICAL,ROBOTS,SCHEMA,LINKS,STATUS,ISSUES
http://localhost:8000/transporte-executivo/sao-paulo/sao-paulo/,200,OK,OK,OK,OK,OK,OK,39,OK,
http://localhost:8000/transporte-executivo/rio-de-janeiro/rio-de-janeiro/,200,OK,OK,OK,OK,OK,OK,39,OK,
http://localhost:8000/transporte-executivo/minas-gerais/belo-horizonte/,200,OK,OK,OK,OK,OK,OK,39,OK,
http://localhost:8000/transporte-executivo/distrito-federal/brasilia/,200,OK,OK,OK,OK,OK,OK,39,OK,
http://localhost:8000/transporte-executivo/parana/curitiba/,200,OK,OK,OK,OK,OK,OK,39,OK,
http://localhost:8000/transporte-executivo/rio-grande-do-sul/porto-alegre/,200,OK,OK,OK,OK,OK,OK,39,OK,
http://localhost:8000/transporte-executivo/bahia/salvador/,200,OK,OK,OK,OK,OK,OK,39,OK,
http://localhost:8000/transporte-executivo/pernambuco/recife/,200,OK,OK,OK,OK,OK,OK,39,OK,
http://localhost:8000/transporte-executivo/ceara/fortaleza/,200,OK,OK,OK,OK,OK,OK,39,OK,
http://localhost:8000/transporte-executivo/amazonas/manaus/,200,OK,OK,OK,OK,OK,OK,39,OK,
http://localhost:8000/transporte-executivo/acre/rio-branco/,200,OK,OK,OK,OK,OK,OK,39,OK,
http://localhost:8000/transporte-executivo/alagoas/maceio/,200,OK,OK,OK,OK,OK,OK,39,OK,
http://localhost:8000/transporte-executivo/amapa/macapa/,200,OK,OK,OK,OK,OK,OK,39,OK,
http://localhost:8000/transporte-executivo/espirito-santo/vitoria/,200,OK,OK,OK,OK,OK,OK,39,OK,
http://localhost:8000/transporte-executivo/goias/goiania/,200,OK,OK,OK,OK,OK,OK,39,OK,
http://localhost:8000/transporte-executivo/maranhao/sao-luis/,200,OK,OK,OK,OK,OK,OK,39,OK,
http://localhost:8000/transporte-executivo/mato-grosso/cuiaba/,200,OK,OK,OK,OK,OK,OK,39,OK,
http://localhost:8000/transporte-executivo/mato-grosso-do-sul/campo-grande/,200,OK,OK,OK,OK,OK,OK,39,OK,
http://localhost:8000/transporte-executivo/para/belem/,200,OK,OK,OK,OK,OK,OK,39,OK,
http://localhost:8000/transporte-executivo/paraiba/joao-pessoa/,200,OK,OK,OK,OK,OK,OK,39,OK,
http://localhost:8000/transporte-executivo/piaui/teresina/,200,OK,OK,OK,OK,OK,OK,39,OK,
http://localhost:8000/transporte-executivo/rio-grande-do-norte/natal/,200,OK,OK,OK,OK,OK,OK,39,OK,
http://localhost:8000/transporte-executivo/rondonia/porto-velho/,200,OK,OK,OK,OK,OK,OK,39,OK,
http://localhost:8000/transporte-executivo/roraima/boa-vista/,200,OK,OK,OK,OK,OK,OK,39,OK,
http://localhost:8000/transporte-executivo/santa-catarina/florianopolis/,200,OK,OK,OK,OK,OK,OK,39,OK,
http://localhost:8000/transporte-executivo/sergipe/aracaju/,200,OK,OK,OK,OK,OK,OK,39,OK,
http://localhost:8000/transporte-executivo/tocantins/palmas/,200,OK,OK,OK,OK,OK,OK,39,OK,
http://localhost:8000/transporte-executivo/sao-paulo/campinas/,200,OK,OK,OK,OK,OK,OK,39,OK,
http://localhost:8000/transporte-executivo/sao-paulo/guarulhos/,200,OK,OK,OK,OK,OK,OK,39,OK,
http://localhost:8000/transporte-executivo/sao-paulo/santos/,200,OK,OK,OK,OK,OK,OK,39,OK,
http://localhost:8000/transporte-executivo/sao-paulo/ribeirao-preto/,200,OK,OK,OK,OK,OK,OK,39,OK,
http://localhost:8000/transporte-executivo/rio-de-janeiro/niteroi/,200,OK,OK,OK,OK,OK,OK,39,OK,
http://localhost:8000/transporte-executivo/minas-gerais/uberlandia/,200,OK,OK,OK,OK,OK,OK,39,OK,
http://localhost:8000/transporte-executivo/santa-catarina/joinville/,200,OK,OK,OK,OK,OK,OK,39,OK,
http://localhost:8000/transporte-executivo/parana/foz-do-iguacu/,200,OK,OK,OK,OK,OK,OK,39,OK,
http://localhost:8000/transporte-executivo/parana/londrina/,200,OK,OK,OK,OK,OK,OK,39,OK,
http://localhost:8000/transporte-executivo/rio-grande-do-sul/caxias-do-sul/,200,OK,OK,OK,OK,OK,OK,39,OK,
http://localhost:8000/transporte-executivo/sao-paulo/sao-jose-dos-campos/,200,OK,OK,OK,OK,OK,OK,39,OK,
http://localhost:8000/transporte-executivo/sao-paulo/sorocaba/,200,OK,OK,OK,OK,OK,OK,39,OK,
http://localhost:8000/transporte-executivo/minas-gerais/juiz-de-fora/,200,OK,OK,OK,OK,OK,OK,39,OK,
http://localhost:8000/transporte-executivo/bahia/feira-de-santana/,200,OK,OK,OK,OK,OK,OK,39,OK,
http://localhost:8000/transporte-executivo/espirito-santo/vila-velha/,200,OK,OK,OK,OK,OK,OK,39,OK,
http://localhost:8000/transporte-executivo/santa-catarina/blumenau/,200,OK,OK,OK,OK,OK,OK,39,OK,
http://localhost:8000/transporte-executivo/parana/maringa/,200,OK,OK,OK,OK,OK,OK,39,OK,
http://localhost:8000/transporte-executivo/paraiba/campina-grande/,200,OK,OK,OK,OK,OK,OK,39,OK,
http://localhost:8000/transporte-executivo/pernambuco/olinda/,200,OK,OK,OK,OK,OK,OK,39,OK,
http://localhost:8000/transporte-executivo/goias/anapolis/,200,OK,OK,OK,OK,OK,OK,39,OK,
http://localhost:8000/transporte-executivo/santa-catarina/balneario-camboriu/,200,OK,OK,OK,OK,OK,OK,39,OK,
http://localhost:8000/transporte-executivo/rio-de-janeiro/petropolis/,200,OK,OK,OK,OK,OK,OK,39,OK,
http://localhost:8000/transporte-executivo/parana/sao-jose-dos-pinhais/,200,OK,OK,OK,OK,OK,OK,39,OK,
http://localhost:8000/transporte-executivo/sao-paulo/sao-jose-do-rio-preto/,200,OK,OK,OK,OK,OK,OK,39,OK,
http://localhost:8000/transporte-executivo/sao-paulo/jundiai/,200,OK,OK,OK,OK,OK,OK,39,OK,
http://localhost:8000/transporte-executivo/sao-paulo/sao-bernardo-do-campo/,200,OK,OK,OK,OK,OK,OK,39,OK,
http://localhost:8000/transporte-executivo/minas-gerais/uberaba/,200,OK,OK,OK,OK,OK,OK,39,OK,
http://localhost:8000/transporte-executivo/minas-gerais/montes-claros/,200,OK,OK,OK,OK,OK,OK,39,OK,
http://localhost:8000/transporte-executivo/bahia/porto-seguro/,200,OK,OK,OK,OK,OK,OK,39,OK,
http://localhost:8000/transporte-executivo/bahia/vitoria-da-conquista/,200,OK,OK,OK,OK,OK,OK,39,OK,
http://localhost:8000/transporte-executivo/santa-catarina/chapeco/,200,OK,OK,OK,OK,OK,OK,39,OK,
http://localhost:8000/transporte-executivo/parana/cascavel/,200,OK,OK,OK,OK,OK,OK,39,OK,
http://localhost:8000/transporte-executivo/rio-grande-do-sul/pelotas/,200,OK,OK,OK,OK,OK,OK,39,OK,
http://localhost:8000/transporte-executivo/pernambuco/caruaru/,200,OK,OK,OK,OK,OK,OK,39,OK,
http://localhost:8000/transporte-executivo/pernambuco/petrolina/,200,OK,OK,OK,OK,OK,OK,39,OK,
http://localhost:8000/transporte-executivo/ceara/juazeiro-do-norte/,200,OK,OK,OK,OK,OK,OK,39,OK,
http://localhost:8000/transporte-executivo/rio-de-janeiro/cabo-frio/,200,OK,OK,OK,OK,OK,OK,39,OK,
http://localhost:8000/transporte-executivo/rio-de-janeiro/macae/,200,OK,OK,OK,OK,OK,OK,39,OK,
http://localhost:8000/transporte-executivo/sao-paulo/santo-andre/,200,OK,OK,OK,OK,OK,OK,39,OK,
http://localhost:8000/transporte-executivo/sao-paulo/osasco/,200,OK,OK,OK,OK,OK,OK,39,OK,
http://localhost:8000/transporte-executivo/minas-gerais/contagem/,200,OK,OK,OK,OK,OK,OK,39,OK,
http://localhost:8000/transporte-executivo/minas-gerais/ipatinga/,200,OK,OK,OK,OK,OK,OK,39,OK,
http://localhost:8000/transporte-executivo/bahia/ilheus/,200,OK,OK,OK,OK,OK,OK,39,OK,
http://localhost:8000/transporte-executivo/bahia/camacari/,200,OK,OK,OK,OK,OK,OK,39,OK,
http://localhost:8000/transporte-executivo/ceara/sobral/,200,OK,OK,OK,OK,OK,OK,39,OK,
http://localhost:8000/transporte-executivo/espirito-santo/serra/,200,OK,OK,OK,OK,OK,OK,39,OK,
http://localhost:8000/transporte-executivo/goias/caldas-novas/,200,OK,OK,OK,OK,OK,OK,39,OK,
http://localhost:8000/transporte-executivo/mato-grosso-do-sul/dourados/,200,OK,OK,OK,OK,OK,OK,39,OK,
http://localhost:8000/transporte-executivo/mato-grosso/rondonopolis/,200,OK,OK,OK,OK,OK,OK,39,OK,
http://localhost:8000/transporte-executivo/para/santarem/,200,OK,OK,OK,OK,OK,OK,39,OK,
http://localhost:8000/transporte-executivo/rio-grande-do-sul/santa-maria/,200,OK,OK,OK,OK,OK,OK,39,OK,
http://localhost:8000/transporte-executivo/rio-de-janeiro/angra-dos-reis/,200,OK,OK,OK,OK,OK,OK,39,OK,
http://localhost:8000/transporte-executivo/santa-catarina/itajai/,200,OK,OK,OK,OK,OK,OK,39,OK,
http://localhost:8000/transporte-executivo/sao-paulo/barueri/,200,OK,OK,OK,OK,OK,OK,39,OK,
http://localhost:8000/transporte-executivo/sao-paulo/sao-caetano-do-sul/,200,OK,OK,OK,OK,OK,OK,39,OK,
http://localhost:8000/transporte-executivo/sao-paulo/piracicaba/,200,OK,OK,OK,OK,OK,OK,39,OK,
http://localhost:8000/transporte-executivo/sao-paulo/bauru/,200,OK,OK,OK,OK,OK,OK,39,OK,
http://localhost:8000/transporte-executivo/sao-paulo/sao-carlos/,200,OK,OK,OK,OK,OK,OK,39,OK,
http://localhost:8000/transporte-executivo/sao-paulo/taubate/,200,OK,OK,OK,OK,OK,OK,39,OK,
http://localhost:8000/transporte-executivo/sao-paulo/presidente-prudente/,200,OK,OK,OK,OK,OK,OK,39,OK,
http://localhost:8000/transporte-executivo/sao-paulo/guaruja/,200,OK,OK,OK,OK,OK,OK,39,OK,
http://localhost:8000/transporte-executivo/rio-de-janeiro/duque-de-caxias/,200,OK,OK,OK,OK,OK,OK,39,OK,
http://localhost:8000/transporte-executivo/rio-de-janeiro/campos-dos-goytacazes/,200,OK,OK,OK,OK,OK,OK,39,OK,
http://localhost:8000/transporte-executivo/rio-de-janeiro/volta-redonda/,200,OK,OK,OK,OK,OK,OK,39,OK,
http://localhost:8000/transporte-executivo/minas-gerais/betim/,200,OK,OK,OK,OK,OK,OK,39,OK,
http://localhost:8000/transporte-executivo/minas-gerais/governador-valadares/,200,OK,OK,OK,OK,OK,OK,39,OK,
http://localhost:8000/transporte-executivo/minas-gerais/pocos-de-caldas/,200,OK,OK,OK,OK,OK,OK,39,OK,
http://localhost:8000/transporte-executivo/parana/ponta-grossa/,200,OK,OK,OK,OK,OK,OK,39,OK,
http://localhost:8000/transporte-executivo/parana/paranagua/,200,OK,OK,OK,OK,OK,OK,39,OK,
http://localhost:8000/transporte-executivo/santa-catarina/criciuma/,200,OK,OK,OK,OK,OK,OK,39,OK,
http://localhost:8000/transporte-executivo/santa-catarina/jaragua-do-sul/,200,OK,OK,OK,OK,OK,OK,39,OK,
http://localhost:8000/transporte-executivo/santa-catarina/sao-jose/,200,OK,OK,OK,OK,OK,OK,39,OK,
http://localhost:8000/transporte-executivo/rio-grande-do-sul/canoas/,200,OK,OK,OK,OK,OK,OK,39,OK,
http://localhost:8000/transporte-executivo/rio-grande-do-sul/passo-fundo/,200,OK,OK,OK,OK,OK,OK,39,OK,
http://localhost:8000/transporte-executivo/rio-grande-do-sul/rio-grande/,200,OK,OK,OK,OK,OK,OK,39,OK,
http://localhost:8000/transporte-executivo/pernambuco/jaboatao-dos-guararapes/,200,OK,OK,OK,OK,OK,OK,39,OK,
http://localhost:8000/transporte-executivo/bahia/lauro-de-freitas/,200,OK,OK,OK,OK,OK,OK,39,OK,
http://localhost:8000/transporte-executivo/bahia/juazeiro/,200,OK,OK,OK,OK,OK,OK,39,OK,
http://localhost:8000/transporte-executivo/goias/aparecida-de-goiania/,200,OK,OK,OK,OK,OK,OK,39,OK,
http://localhost:8000/transporte-executivo/goias/rio-verde/,200,OK,OK,OK,OK,OK,OK,39,OK,
http://localhost:8000/transporte-executivo/para/maraba/,200,OK,OK,OK,OK,OK,OK,39,OK,
http://localhost:8000/transporte-executivo/maranhao/imperatriz/,200,OK,OK,OK,OK,OK,OK,39,OK,
http://localhost:8000/transporte-executivo/mato-grosso/varzea-grande/,200,OK,OK,OK,OK,OK,OK,39,OK,
http://localhost:8000/transporte-executivo/mato-grosso/sinop/,200,OK,OK,OK,OK,OK,OK,39,OK,
http://localhost:8000/transporte-executivo/mato-grosso-do-sul/tres-lagoas/,200,OK,OK,OK,OK,OK,OK,39,OK,
http://localhost:8000/transporte-executivo/rio-grande-do-norte/mossoro/,200,OK,OK,OK,OK,OK,OK,39,OK,
http://localhost:8000/transporte-executivo/tocantins/araguaina/,200,OK,OK,OK,OK,OK,OK,39,OK,
http://localhost:8000/transporte-executivo/ceara/maracanau/,200,OK,OK,OK,OK,OK,OK,39,OK,
http://localhost:8000/transporte-executivo/sao-paulo/diadema/,200,OK,OK,OK,OK,OK,OK,39,OK,
http://localhost:8000/transporte-executivo/sao-paulo/maua/,200,OK,OK,OK,OK,OK,OK,39,OK,
http://localhost:8000/transporte-executivo/sao-paulo/mogi-das-cruzes/,200,OK,OK,OK,OK,OK,OK,39,OK,
http://localhost:8000/transporte-executivo/sao-paulo/franca/,200,OK,OK,OK,OK,OK,OK,39,OK,
http://localhost:8000/transporte-executivo/sao-paulo/limeira/,200,OK,OK,OK,OK,OK,OK,39,OK,
http://localhost:8000/transporte-executivo/sao-paulo/americana/,200,OK,OK,OK,OK,OK,OK,39,OK,
http://localhost:8000/transporte-executivo/sao-paulo/araraquara/,200,OK,OK,OK,OK,OK,OK,39,OK,
http://localhost:8000/transporte-executivo/sao-paulo/marilia/,200,OK,OK,OK,OK,OK,OK,39,OK,
http://localhost:8000/transporte-executivo/sao-paulo/aracatuba/,200,OK,OK,OK,OK,OK,OK,39,OK,
http://localhost:8000/transporte-executivo/sao-paulo/indaiatuba/,200,OK,OK,OK,OK,OK,OK,39,OK,
http://localhost:8000/transporte-executivo/sao-paulo/praia-grande/,200,OK,OK,OK,OK,OK,OK,39,OK,
http://localhost:8000/transporte-executivo/rio-de-janeiro/sao-goncalo/,200,OK,OK,OK,OK,OK,OK,39,OK,
http://localhost:8000/transporte-executivo/rio-de-janeiro/nova-iguacu/,200,OK,OK,OK,OK,OK,OK,39,OK,
http://localhost:8000/transporte-executivo/rio-de-janeiro/armacao-dos-buzios/,200,OK,OK,OK,OK,OK,OK,39,OK,
http://localhost:8000/transporte-executivo/rio-de-janeiro/teresopolis/,200,OK,OK,OK,OK,OK,OK,39,OK,
http://localhost:8000/transporte-executivo/rio-de-janeiro/resende/,200,OK,OK,OK,OK,OK,OK,39,OK,
http://localhost:8000/transporte-executivo/minas-gerais/divinopolis/,200,OK,OK,OK,OK,OK,OK,39,OK,
http://localhost:8000/transporte-executivo/minas-gerais/sete-lagoas/,200,OK,OK,OK,OK,OK,OK,39,OK,
http://localhost:8000/transporte-executivo/minas-gerais/pouso-alegre/,200,OK,OK,OK,OK,OK,OK,39,OK,
http://localhost:8000/transporte-executivo/minas-gerais/varginha/,200,OK,OK,OK,OK,OK,OK,39,OK,
http://localhost:8000/transporte-executivo/minas-gerais/nova-lima/,200,OK,OK,OK,OK,OK,OK,39,OK,
http://localhost:8000/transporte-executivo/parana/toledo/,200,OK,OK,OK,OK,OK,OK,39,OK,
http://localhost:8000/transporte-executivo/parana/guarapuava/,200,OK,OK,OK,OK,OK,OK,39,OK,
http://localhost:8000/transporte-executivo/parana/araucaria/,200,OK,OK,OK,OK,OK,OK,39,OK,
http://localhost:8000/transporte-executivo/santa-catarina/palhoca/,200,OK,OK,OK,OK,OK,OK,39,OK,
http://localhost:8000/transporte-executivo/santa-catarina/lages/,200,OK,OK,OK,OK,OK,OK,39,OK,
http://localhost:8000/transporte-executivo/santa-catarina/brusque/,200,OK,OK,OK,OK,OK,OK,39,OK,
http://localhost:8000/transporte-executivo/rio-grande-do-sul/novo-hamburgo/,200,OK,OK,OK,OK,OK,OK,39,OK,
http://localhost:8000/transporte-executivo/rio-grande-do-sul/sao-leopoldo/,200,OK,OK,OK,OK,OK,OK,39,OK,
http://localhost:8000/transporte-executivo/rio-grande-do-sul/bento-goncalves/,200,OK,OK,OK,OK,OK,OK,39,OK,
http://localhost:8000/transporte-executivo/rio-grande-do-sul/gravatai/,200,OK,OK,OK,OK,OK,OK,39,OK,
http://localhost:8000/transporte-executivo/bahia/itabuna/,200,OK,OK,OK,OK,OK,OK,39,OK,
http://localhost:8000/transporte-executivo/bahia/barreiras/,200,OK,OK,OK,OK,OK,OK,39,OK,
http://localhost:8000/transporte-executivo/bahia/alagoinhas/,200,OK,OK,OK,OK,OK,OK,39,OK,
http://localhost:8000/transporte-executivo/pernambuco/cabo-de-santo-agostinho/,200,OK,OK,OK,OK,OK,OK,39,OK,
http://localhost:8000/transporte-executivo/pernambuco/paulista/,200,OK,OK,OK,OK,OK,OK,39,OK,
http://localhost:8000/transporte-executivo/ceara/caucaia/,200,OK,OK,OK,OK,OK,OK,39,OK,
http://localhost:8000/transporte-executivo/ceara/crato/,200,OK,OK,OK,OK,OK,OK,39,OK,
http://localhost:8000/transporte-executivo/goias/luziania/,200,OK,OK,OK,OK,OK,OK,39,OK,
http://localhost:8000/transporte-executivo/goias/itumbiara/,200,OK,OK,OK,OK,OK,OK,39,OK,
http://localhost:8000/transporte-executivo/espirito-santo/cachoeiro-de-itapemirim/,200,OK,OK,OK,OK,OK,OK,39,OK,
http://localhost:8000/transporte-executivo/espirito-santo/linhares/,200,OK,OK,OK,OK,OK,OK,39,OK,
http://localhost:8000/transporte-executivo/para/ananindeua/,200,OK,OK,OK,OK,OK,OK,39,OK,
http://localhost:8000/transporte-executivo/para/parauapebas/,200,OK,OK,OK,OK,OK,OK,39,OK,
http://localhost:8000/transporte-executivo/maranhao/caxias/,200,OK,OK,OK,OK,OK,OK,39,OK,
http://localhost:8000/transporte-executivo/mato-grosso/sorriso/,200,OK,OK,OK,OK,OK,OK,39,OK,
http://localhost:8000/transporte-executivo/mato-grosso/tangara-da-serra/,200,OK,OK,OK,OK,OK,OK,39,OK,
http://localhost:8000/transporte-executivo/mato-grosso-do-sul/corumba/,200,OK,OK,OK,OK,OK,OK,39,OK,
http://localhost:8000/transporte-executivo/rio-grande-do-norte/parnamirim/,200,OK,OK,OK,OK,OK,OK,39,OK,
http://localhost:8000/transporte-executivo/piaui/parnaiba/,200,OK,OK,OK,OK,OK,OK,39,OK,
http://localhost:8000/transporte-executivo/alagoas/arapiraca/,200,OK,OK,OK,OK,OK,OK,39,OK,
http://localhost:8000/transporte-executivo/tocantins/gurupi/,200,OK,OK,OK,OK,OK,OK,39,OK,
http://localhost:8000/transporte-executivo/rondonia/ji-parana/,200,OK,OK,OK,OK,OK,OK,39,OK,
http://localhost:8000/transporte-executivo/amazonas/parintins/,200,OK,OK,OK,OK,OK,OK,39,OK,
http://localhost:8000/transporte-executivo/acre/cruzeiro-do-sul/,200,OK,OK,OK,OK,OK,OK,39,OK,
